Payments_ID,Payment_Type,Payment_Number,Verification_Code,Expiration_Date
1,visa,4041372767848,3,1/25/2021
2,mastercard,5048374760480774,2,10/20/2020
3,americanexpress,374622441014478,3,8/20/2020
4,americanexpress,372301542919925,3,2/20/2021
5,visa,4041597212080814,2,10/11/2020
6,mastercard,5002352494497615,3,4/30/2021
7,visa,4117081344051,2,8/3/2020
8,americanexpress,374288904349080,1,9/11/2020
9,visa,4041373708635,3,1/18/2021
10,mastercard,5048376934234623,2,2/20/2021
11,mastercard,5584844025998778,3,4/17/2021
12,mastercard,5010120900327712,2,12/19/2020
13,americanexpress,374288315196526,3,12/22/2020
14,visa,4017953581766,2,2/7/2021
15,visa,4017958947639185,2,8/7/2020
16,visa,4056493688160,2,4/26/2021
17,mastercard,5543689366355066,3,3/15/2021
18,mastercard,5002354737745081,1,7/24/2020
19,mastercard,5048377199328654,1,5/12/2021
20,visa,4322062371126932,2,7/28/2020
21,visa,4041376495826,2,1/15/2021
22,mastercard,5408425617646928,1,10/30/2020
23,americanexpress,372301548620360,1,4/24/2021
24,americanexpress,337941653627009,3,7/27/2020
25,mastercard,5295937162114454,3,11/3/2020
26,mastercard,5392631400274590,3,1/1/2021
27,americanexpress,372733359443443,1,12/28/2020
28,americanexpress,340260695533181,3,2/1/2021
29,mastercard,5299057592574759,2,9/3/2020
30,americanexpress,349967612238915,1,5/6/2021
31,americanexpress,345863863650003,1,8/19/2020
32,americanexpress,337941209379683,2,5/28/2020
33,visa,4017954307070,3,7/31/2020
34,americanexpress,371613572091255,2,9/6/2020
35,mastercard,5100145767642110,2,10/2/2020
36,visa,4017954643771,1,8/29/2020
37,americanexpress,374288611945816,3,6/23/2020
38,visa,4041377839376428,2,12/1/2020
39,mastercard,5002354312370883,3,3/10/2021
40,mastercard,5593965750593408,3,6/10/2020
41,americanexpress,374283622019222,3,9/18/2020
42,mastercard,5100176258182514,1,3/15/2021
43,americanexpress,372301657699072,1,12/4/2020
44,mastercard,5002353827284571,1,7/8/2020
45,mastercard,5100179647091487,3,10/4/2020
46,visa,4059145783613933,1,10/9/2020
47,visa,4017957259648420,1,9/24/2020
48,visa,4017957843097,3,11/6/2020
49,americanexpress,374622464166205,1,9/22/2020
50,mastercard,5287353732817073,3,8/14/2020
51,mastercard,5007668917308120,1,4/3/2021
52,americanexpress,374283969806363,3,9/24/2020
53,visa,4017950515923737,3,12/15/2020
54,mastercard,5108757886229991,1,6/23/2020
55,mastercard,5010124404535275,1,12/2/2020
56,visa,4017951074588556,2,6/10/2020
57,americanexpress,374283926161290,2,4/2/2021
58,mastercard,5048379426021326,3,7/18/2020
59,americanexpress,373493806277212,2,6/17/2020
60,mastercard,5007660924397840,1,1/5/2021
61,americanexpress,344344865296203,3,4/15/2021
62,visa,4041373635903,2,5/17/2021
63,visa,4041592772537741,1,8/1/2020
64,visa,4018889612642007,2,4/14/2021
65,visa,4041378530024408,2,12/22/2020
66,americanexpress,370004421007893,2,12/29/2020
67,americanexpress,374288103050828,2,6/22/2020
68,visa,4041593265127,2,4/2/2021
69,americanexpress,374288934399089,3,7/5/2020
70,mastercard,5100131338672703,2,1/19/2021
71,visa,4041377986799,1,4/28/2021
72,americanexpress,374622019983369,1,6/17/2020
73,visa,4041597294743,2,5/24/2021
74,mastercard,5100149046540913,2,2/1/2021
75,visa,4041370757341144,3,1/19/2021
76,americanexpress,374622364425560,3,7/31/2020
77,americanexpress,372081225821263,2,7/18/2020
78,mastercard,5002356463764632,1,4/13/2021
79,visa,4041599026291,1,8/30/2020
80,visa,4650708478132122,3,1/24/2021
81,americanexpress,372301869020935,1,10/19/2020
82,mastercard,5002355182134135,3,9/5/2020
83,mastercard,5108752511676005,3,7/2/2020
84,visa,4752584756276,1,4/8/2021
85,mastercard,5512949315196087,3,10/1/2020
86,americanexpress,341617733229032,3,10/5/2020
87,mastercard,5100178570086688,1,5/10/2021
88,americanexpress,377001243357277,2,2/2/2021
89,visa,4041372533869,1,5/3/2021
90,mastercard,5108757349779525,2,11/30/2020
91,mastercard,5100148521030499,3,3/28/2021
92,visa,4041594579039,2,4/2/2021
93,mastercard,5228954230101076,1,2/4/2021
94,visa,4368948262081,1,1/20/2021
95,americanexpress,374288667699697,3,7/29/2020
96,mastercard,5100143715502973,1,5/31/2020
97,mastercard,5048379599466720,3,1/5/2021
98,visa,4041594263592839,3,4/14/2021
99,mastercard,5002357549022854,1,12/4/2020
100,visa,4017956618664,2,4/28/2021
101,americanexpress,374283495521692,3,3/12/2021
102,mastercard,5010120609362366,2,6/2/2020
103,americanexpress,337941694946343,3,5/28/2020
104,mastercard,5100133436628314,1,5/26/2021
105,mastercard,5108756880105025,2,11/23/2020
106,mastercard,5323514541708698,1,2/23/2021
107,mastercard,5007662180615626,1,9/24/2020
108,americanexpress,372301491659621,3,10/5/2020
109,americanexpress,374622065550955,1,1/15/2021
110,visa,4041371886306479,3,8/8/2020
111,americanexpress,340670016779349,1,7/14/2020
112,mastercard,5048379468145868,2,7/30/2020
113,americanexpress,374283094967445,3,12/14/2020
114,mastercard,5455578989987734,3,5/13/2021
115,americanexpress,374622455696350,1,3/16/2021
116,visa,4422573378124,3,10/9/2020
117,mastercard,5108750575912118,2,5/26/2021
118,mastercard,5010123131153345,2,6/9/2020
119,americanexpress,371655418390433,3,9/24/2020
120,mastercard,5007669956929610,1,12/19/2020
121,visa,4017954420060577,2,6/19/2020
122,visa,4395586344272300,1,8/23/2020
123,mastercard,5007661445326755,1,8/31/2020
124,americanexpress,372301164605570,2,6/20/2020
125,americanexpress,374288444110885,2,6/29/2020
126,visa,4239316824726447,3,6/6/2020
127,visa,4041375223047,3,3/21/2021
128,mastercard,5007668965041607,3,4/15/2021
129,americanexpress,376263578049314,3,12/27/2020
130,visa,4017957506843,1,3/27/2021
131,americanexpress,374324387257332,2,8/8/2020
132,visa,4239398856192540,3,12/22/2020
133,visa,4041370100422,2,8/7/2020
134,americanexpress,337941200915972,1,6/5/2020
135,mastercard,5108752887510275,2,1/24/2021
136,americanexpress,341616058756488,1,6/10/2020
137,visa,4041373399732,2,3/19/2021
138,visa,4041595198128,2,11/20/2020
139,visa,4041379934060,1,10/27/2020
140,visa,4017959075672741,1,10/5/2020
141,visa,4041598487668,1,2/13/2021
142,visa,4017959648684,3,11/5/2020
143,visa,4232438121290,1,2/10/2021
144,americanexpress,337941707797071,3,8/16/2020
145,visa,4041596016630782,2,11/24/2020
146,visa,4041590124176911,3,2/15/2021
147,visa,4994877058552,2,12/31/2020
148,visa,4017959503616211,3,12/18/2020
149,mastercard,5464910866914508,2,3/6/2021
150,americanexpress,337941224663772,1,3/12/2021
151,americanexpress,341807334671951,2,10/6/2020
152,mastercard,5007663095783426,3,2/22/2021
153,mastercard,5010126912972544,3,10/22/2020
154,visa,4779403651818,2,7/15/2020
155,mastercard,5007667793331818,2,11/17/2020
156,americanexpress,374622554437268,1,10/24/2020
157,mastercard,5100144098778677,3,4/18/2021
158,americanexpress,346322559022836,1,12/19/2020
159,americanexpress,371942540485848,3,1/28/2021
160,americanexpress,374622012205232,3,8/1/2020
161,americanexpress,372301989890878,3,1/12/2021
162,visa,4041590317921,1,2/18/2021
163,americanexpress,348356010766118,1,2/1/2021
164,americanexpress,372190944077337,3,11/18/2020
165,visa,4378041668216195,1,7/2/2020
166,visa,4041593079071756,2,2/17/2021
167,mastercard,5236787702373108,3,10/18/2020
168,visa,4041596512322298,1,7/5/2020
169,mastercard,5048375385055990,2,4/7/2021
170,americanexpress,337941051441680,3,4/18/2021
171,americanexpress,337941709499049,1,10/15/2020
172,mastercard,5007668271326155,2,5/14/2021
173,americanexpress,337941541514005,3,8/29/2020
174,americanexpress,374283255672370,1,11/18/2020
175,americanexpress,372836855249295,2,2/7/2021
176,mastercard,5108751294829062,3,7/13/2020
177,visa,4041375732173157,2,5/26/2021
178,visa,4041595240783227,3,10/4/2020
179,visa,4041597142223,2,9/30/2020
180,americanexpress,372301357873480,2,6/29/2020
181,visa,4017959940443179,2,4/23/2021
182,visa,4017957748592858,2,10/26/2020
183,visa,4041376187267668,1,9/19/2020
184,visa,4041597425058383,2,9/10/2020
185,americanexpress,374622569434508,2,7/14/2020
186,visa,4041375851065358,3,7/29/2020
187,visa,4017954888804169,1,1/20/2021
188,visa,4041591622626,3,4/23/2021
189,americanexpress,337941994497294,1,12/10/2020
190,visa,4041378780696,1,4/15/2021
191,mastercard,5100134577942050,3,7/29/2020
192,visa,4041595195862489,1,5/16/2021
193,mastercard,5100175135642377,2,5/6/2021
194,mastercard,5108753956101095,3,2/6/2021
195,mastercard,5100147919789955,1,10/3/2020
196,americanexpress,341283822339990,1,12/3/2020
197,visa,4041370020968,3,8/17/2020
198,mastercard,5356574041710214,2,6/15/2020
199,mastercard,5554383983679621,1,1/2/2021
200,visa,4041377157904,1,8/22/2020
201,americanexpress,374288169543369,3,12/27/2020
202,americanexpress,372301237500162,2,2/9/2021
203,americanexpress,372301710028095,3,6/7/2020
204,americanexpress,372436213403815,1,10/5/2020
205,americanexpress,374288829652451,1,1/26/2021
206,americanexpress,374283663371581,3,11/16/2020
207,mastercard,5199109988544077,2,5/6/2021
208,mastercard,5007667202029680,1,12/30/2020
209,mastercard,5002359951592564,2,11/16/2020
210,mastercard,5596185927586998,2,6/24/2020
211,mastercard,5447204115579953,3,11/1/2020
212,americanexpress,379116674117426,3,1/31/2021
213,americanexpress,372301465322966,1,2/14/2021
214,visa,4041373735768305,1,5/8/2021
215,mastercard,5002355384059122,2,3/3/2021
216,visa,4041378543904,3,2/8/2021
217,mastercard,5271871359481244,2,10/4/2020
218,visa,4041592555103109,2,11/10/2020
219,mastercard,5100170068315224,2,6/5/2020
220,visa,4041592281927,3,11/12/2020
221,visa,4041599482037953,2,6/3/2020
222,americanexpress,372301519601217,2,7/19/2020
223,americanexpress,374622524095071,3,12/1/2020
224,visa,4017955802160,2,5/31/2020
225,visa,4041599934777131,3,9/16/2020
226,mastercard,5100143005804618,2,6/21/2020
227,visa,4041597601964313,2,2/10/2021
228,visa,4297901487015,2,4/8/2021
229,visa,4041590007456,2,5/13/2021
230,americanexpress,374622319388384,3,10/14/2020
231,mastercard,5376101121303466,2,3/22/2021
232,visa,4041377592210806,3,6/30/2020
233,mastercard,5578705341621071,2,10/3/2020
234,americanexpress,372301337764262,3,10/14/2020
235,americanexpress,374288792986894,3,5/18/2021
236,mastercard,5007663867733252,3,4/14/2021
237,visa,4627814317679,3,7/28/2020
238,visa,4017958858562186,1,2/24/2021
239,mastercard,5002350972019356,3,12/4/2020
240,visa,4017951095234131,3,8/21/2020
241,mastercard,5163018077451486,2,10/20/2020
242,americanexpress,374622579879189,3,1/16/2021
243,americanexpress,372301448833907,2,12/14/2020
244,mastercard,5319277872856470,2,4/8/2021
245,americanexpress,372301151801968,3,11/7/2020
246,americanexpress,374283050873231,3,8/24/2020
247,mastercard,5100132357074680,3,1/28/2021
248,visa,4041372354811,2,11/1/2020
249,mastercard,5108753707868273,1,5/7/2021
250,visa,4782012703599630,2,11/5/2020
251,americanexpress,348610818021922,2,8/22/2020
252,americanexpress,342967139083452,1,3/16/2021
253,mastercard,5362041168828320,2,4/25/2021
254,americanexpress,372035985550264,1,9/4/2020
255,mastercard,5048374624236594,3,5/11/2021
256,americanexpress,337941935007640,1,9/14/2020
257,visa,4041592697600426,2,5/5/2021
258,visa,4041592972861586,2,6/25/2020
259,mastercard,5245225296581595,3,9/18/2020
260,visa,4041595584566,2,11/26/2020
261,mastercard,5119776120695046,1,9/21/2020
262,americanexpress,340651755041901,1,1/11/2021
263,visa,4041373583563675,3,12/23/2020
264,mastercard,5100176127588149,1,8/29/2020
265,americanexpress,371502969606405,1,3/5/2021
266,visa,4536487472770902,2,1/27/2021
267,mastercard,5002358364969922,3,2/26/2021
268,visa,4017958110200948,1,7/10/2020
269,visa,4017952886232573,3,9/9/2020
270,mastercard,5115478930775027,1,4/17/2021
271,visa,4017956990134781,3,12/26/2020
272,visa,4023021097570585,1,1/30/2021
273,americanexpress,372301264121650,2,12/17/2020
274,mastercard,5100171168067970,2,4/15/2021
275,mastercard,5512543040024696,1,6/16/2020
276,americanexpress,377763021309891,1,7/5/2020
277,visa,4017952880326,2,2/28/2021
278,americanexpress,375962451356131,2,4/3/2021
279,americanexpress,374288922377311,3,11/26/2020
280,visa,4017955576212722,2,5/12/2021
281,americanexpress,374288279146335,2,10/23/2020
282,americanexpress,373620909454336,2,7/7/2020
283,americanexpress,374622260103485,2,8/25/2020
284,visa,4041372853697,2,2/13/2021
285,visa,4041371608456,3,1/25/2021
286,visa,4070790967487862,1,6/12/2020
287,mastercard,5007661500116588,1,6/7/2020
288,mastercard,5007667305942037,2,10/2/2020
289,visa,4017959937961142,3,9/15/2020
290,mastercard,5048376138217036,2,6/16/2020
291,americanexpress,377654946237749,1,5/15/2021
292,mastercard,5118774324117322,3,10/7/2020
293,americanexpress,372301117306938,2,6/17/2020
294,visa,4986047800764,3,7/25/2020
295,visa,4041595809705736,1,6/25/2020
296,americanexpress,374283598891448,1,4/6/2021
297,mastercard,5002357870099331,1,1/12/2021
298,americanexpress,374622044979317,2,9/4/2020
299,mastercard,5100141013788286,3,2/18/2021
300,americanexpress,343460822485431,3,9/24/2020
301,americanexpress,337941005792501,2,6/19/2020
302,visa,4041378591951903,2,3/16/2021
303,americanexpress,374283784784837,1,10/9/2020
304,americanexpress,370560989405001,2,3/4/2021
305,mastercard,5108750619529803,2,2/12/2021
306,mastercard,5048376286416224,1,3/30/2021
307,visa,4041592308233,1,10/1/2020
308,visa,4041598144533,2,6/4/2020
309,visa,4017955416524,2,6/17/2020
310,americanexpress,374283014018543,2,6/15/2020
311,mastercard,5100143575515578,2,2/15/2021
312,visa,4017957818255,2,3/10/2021
313,mastercard,5007668190190583,1,11/14/2020
314,americanexpress,374622879573201,1,4/10/2021
315,americanexpress,374622151873261,2,11/30/2020
316,visa,4017953457009,2,6/18/2020
317,mastercard,5100138699102303,1,4/30/2021
318,visa,4041594609158,1,10/5/2020
319,visa,4975921751987,3,3/27/2021
320,americanexpress,377269771065030,3,6/5/2020
321,americanexpress,374622263007576,1,4/5/2021
322,mastercard,5586686250879464,1,2/23/2021
323,mastercard,5108751861060687,3,5/8/2021
324,mastercard,5007667702373232,3,5/22/2021
325,visa,4362123962602292,1,2/12/2021
326,mastercard,5010123629500502,1,8/5/2020
327,mastercard,5002356667016177,1,1/11/2021
328,mastercard,5579831800569269,2,1/19/2021
329,mastercard,5100148023121960,2,7/31/2020
330,mastercard,5007667472332491,3,1/30/2021
331,visa,4041596510088180,1,9/27/2020
332,americanexpress,343289695424551,3,2/1/2021
333,americanexpress,372301226791558,1,5/7/2021
334,mastercard,5048377000907787,1,6/27/2020
335,visa,4732588903355,3,11/4/2020
336,visa,4017955221110941,1,12/3/2020
337,mastercard,5251896234838213,2,1/10/2021
338,americanexpress,375508323505171,3,8/21/2020
339,americanexpress,374283843207929,1,4/14/2021
340,mastercard,5166439143162955,3,5/24/2021
341,americanexpress,372301828975161,2,5/12/2021
342,visa,4017954674866729,3,7/23/2020
343,americanexpress,372301670424813,1,8/21/2020
344,americanexpress,372301373761685,1,10/17/2020
345,mastercard,5100148347977923,3,7/19/2020
346,mastercard,5002355028432115,1,1/25/2021
347,visa,4041370776661662,2,3/3/2021
348,americanexpress,337941837533511,3,9/23/2020
349,americanexpress,372301997691805,2,6/18/2020
350,mastercard,5100138255472579,3,5/17/2021
351,americanexpress,337941304757346,3,6/20/2020
352,americanexpress,374283392135182,3,6/28/2020
353,mastercard,5002354405365451,2,6/7/2020
354,visa,4041379136963,1,9/4/2020
355,mastercard,5115190786769158,3,5/1/2021
356,visa,4921732883014678,3,11/25/2020
357,americanexpress,372301048858072,1,10/18/2020
358,americanexpress,372301998624003,2,12/22/2020
359,americanexpress,372609932964917,3,8/10/2020
360,mastercard,5048378194036177,3,4/1/2021
361,mastercard,5002354279270308,2,12/12/2020
362,visa,4041374532613165,2,11/5/2020
363,mastercard,5007660347214002,2,5/15/2021
364,mastercard,5416023996209291,2,1/7/2021
365,americanexpress,372301550508289,3,4/25/2021
366,visa,4017958968708265,1,3/16/2021
367,americanexpress,372301194306397,3,4/6/2021
368,mastercard,5232765158607421,2,12/24/2020
369,visa,4041591082931529,2,10/25/2020
370,mastercard,5283718875526117,3,8/12/2020
371,mastercard,5100146640906409,1,7/14/2020
372,visa,4441161721628,1,11/12/2020
373,visa,4041377404074,2,11/8/2020
374,mastercard,5108755240616226,2,12/27/2020
375,americanexpress,342958873986372,2,6/30/2020
376,americanexpress,337941237404750,3,10/14/2020
377,americanexpress,374288198446139,1,6/15/2020
378,visa,4041371948690761,2,1/7/2021
379,mastercard,5010126060796224,1,8/5/2020
380,mastercard,5100145673342136,1,8/7/2020
381,mastercard,5010124021921544,3,1/28/2021
382,mastercard,5002350814157604,3,10/6/2020
383,mastercard,5108759239296735,1,2/28/2021
384,visa,4287652914192,3,1/29/2021
385,visa,4017958535098,2,4/24/2021
386,mastercard,5010127274459906,1,11/14/2020
387,mastercard,5340799356638432,1,2/5/2021
388,americanexpress,372301747695213,2,2/22/2021
389,mastercard,5100138991802949,3,8/25/2020
390,visa,4041591399779,3,8/3/2020
391,americanexpress,345959413745945,1,4/13/2021
392,americanexpress,337941803153179,1,6/18/2020
393,americanexpress,374283563607142,3,1/29/2021
394,mastercard,5010123441804116,2,12/30/2020
395,americanexpress,372821142428555,3,7/15/2020
396,mastercard,5010124600880707,3,2/14/2021
397,americanexpress,374622238507882,3,5/21/2021
398,visa,4047591698799389,1,11/23/2020
399,visa,4017958784682322,2,7/1/2020
400,mastercard,5007666518383658,2,12/4/2020
401,mastercard,5100132213485278,1,8/4/2020
402,mastercard,5100148690044503,2,4/18/2021
403,americanexpress,372301300597954,3,5/11/2021
404,mastercard,5563387926410621,1,5/21/2021
405,americanexpress,374622977080596,3,11/28/2020
406,visa,4017951353193581,3,1/26/2021
407,visa,4041591798334463,3,4/8/2021
408,americanexpress,341670450766207,1,8/6/2020
409,visa,4017954682846531,3,1/4/2021
410,americanexpress,372301767194022,3,7/15/2020
411,visa,4041597835891,3,4/18/2021
412,mastercard,5258266445575033,2,6/14/2020
413,americanexpress,374622741835432,2,3/15/2021
414,mastercard,5002351291253015,1,4/23/2021
415,americanexpress,374288641773956,1,3/6/2021
416,visa,4041371332172,3,3/26/2021
417,visa,4041374171509674,2,4/1/2021
418,visa,4017952579725420,1,9/27/2020
419,americanexpress,337941920016176,1,2/19/2021
420,mastercard,5369956910655544,1,12/24/2020
421,americanexpress,374283475871224,1,9/11/2020
422,visa,4041377666848119,2,8/14/2020
423,visa,4017956421682051,3,10/8/2020
424,mastercard,5010123054932873,3,10/1/2020
425,mastercard,5560726178362787,2,4/2/2021
426,visa,4017952286252056,2,7/23/2020
427,visa,4017956254848324,2,8/13/2020
428,mastercard,5169093030077912,2,4/24/2021
429,visa,4041595467731412,2,10/22/2020
430,visa,4017950815449,1,11/29/2020
431,americanexpress,377636303968230,1,11/9/2020
432,mastercard,5100146299978105,2,11/1/2020
433,mastercard,5108750532162096,3,12/27/2020
434,visa,4442753868967,3,3/17/2021
435,visa,4017957196521318,2,1/13/2021
436,mastercard,5208648462055174,2,8/15/2020
437,visa,4041590493237021,3,5/26/2021
438,mastercard,5100178371705171,2,5/13/2021
439,mastercard,5108752471043907,2,8/2/2020
440,mastercard,5535272189647678,3,3/15/2021
441,mastercard,5100136361812688,2,3/24/2021
442,americanexpress,374288994612249,1,9/6/2020
443,americanexpress,374283874157993,2,12/17/2020
444,mastercard,5010123522701447,3,4/2/2021
445,mastercard,5108751540650239,2,10/13/2020
446,visa,4933281708345,1,8/13/2020
447,visa,4017951256213049,3,5/7/2021
448,americanexpress,343479824794236,2,5/3/2021
449,visa,4370451064672,3,10/11/2020
450,mastercard,5108754378521506,3,12/4/2020
451,americanexpress,374622065344680,3,1/20/2021
452,visa,4041373853983058,3,9/27/2020
453,americanexpress,374283333898328,1,9/2/2020
454,visa,4017956205865062,3,4/20/2021
455,americanexpress,374283707806519,3,9/18/2020
456,visa,4017950732578496,3,4/22/2021
457,visa,4041599397874,1,1/12/2021
458,mastercard,5010128838895759,3,8/10/2020
459,visa,4041372912976061,2,7/3/2020
460,mastercard,5275060251076916,3,11/2/2020
461,mastercard,5357264115850877,2,10/18/2020
462,americanexpress,372301764255263,2,4/5/2021
463,visa,4017954688560,2,7/29/2020
464,americanexpress,374283318430824,2,5/27/2021
465,mastercard,5100143742343805,1,6/25/2020
466,visa,4041591573605,1,5/13/2021
467,mastercard,5010126712222207,1,11/25/2020
468,mastercard,5007664136655870,2,8/17/2020
469,americanexpress,340935862811243,1,8/2/2020
470,visa,4041591165154,1,10/3/2020
471,visa,4041596886333,1,11/30/2020
472,visa,4041370868950924,1,1/28/2021
473,mastercard,5002350163289883,1,11/27/2020
474,americanexpress,374622666712533,3,8/2/2020
475,visa,4122281326122,1,9/9/2020
476,visa,4529647042278,2,12/13/2020
477,americanexpress,374622977274231,2,2/11/2021
478,visa,4041598348359338,2,9/1/2020
479,visa,4041377287461,2,9/1/2020
480,americanexpress,341581814063431,3,5/11/2021
481,visa,4041598390087944,1,3/31/2021
482,mastercard,5522622523972395,1,8/8/2020
483,mastercard,5010128999909787,3,3/21/2021
484,visa,4041372742585,2,10/15/2020
485,visa,4017956477798,1,5/27/2021
486,visa,4017957385778224,3,12/24/2020
487,mastercard,5314754128952944,1,11/2/2020
488,mastercard,5002358956092471,2,5/9/2021
489,visa,4017953676340535,2,2/4/2021
490,mastercard,5574564164869273,3,12/28/2020
491,mastercard,5296675105281035,3,8/1/2020
492,visa,4041596245613,3,9/24/2020
493,visa,4041372706775125,2,2/10/2021
494,visa,4262194350977977,3,4/11/2021
495,americanexpress,347678257804661,3,4/6/2021
496,americanexpress,337941943053537,3,2/28/2021
497,mastercard,5562011196500165,3,12/28/2020
498,mastercard,5331004060151744,1,4/9/2021
499,mastercard,5010127968736486,3,11/15/2020
500,mastercard,5002351086751504,1,7/19/2020
501,visa,4041378248983,2,6/4/2020
502,visa,4041591485772009,3,4/18/2021
503,americanexpress,376999689282803,2,8/25/2020
504,mastercard,5108759356351024,1,5/25/2021
505,mastercard,5108755565413043,1,7/4/2020
506,mastercard,5533245925091320,2,11/8/2020
507,americanexpress,374288031906448,1,9/11/2020
508,mastercard,5140694761098938,2,9/20/2020
509,mastercard,5002352805538123,3,11/1/2020
510,mastercard,5100179754612133,3,7/13/2020
511,mastercard,5010123162031048,3,6/3/2020
512,mastercard,5592860466528767,3,8/6/2020
513,visa,4041371351875255,3,12/22/2020
514,visa,4017954299947,2,11/3/2020
515,visa,4710426579686,2,5/29/2020
516,visa,4017950371432856,1,2/26/2021
517,visa,4041378939573,2,4/11/2021
518,visa,4269452902160044,2,6/10/2020
519,visa,4259631055412995,1,2/4/2021
520,americanexpress,370627312002472,3,1/11/2021
521,americanexpress,374288882542029,3,11/3/2020
522,americanexpress,374283649286838,2,3/22/2021
523,mastercard,5108757658486209,1,2/9/2021
524,mastercard,5370661491473609,2,8/31/2020
525,visa,4017951943790144,3,7/11/2020
526,visa,4041376754060215,2,11/9/2020
527,visa,4041374960391,3,4/27/2021
528,americanexpress,374089922367223,3,4/14/2021
529,visa,4041591571658,3,5/26/2021
530,americanexpress,343455840972055,1,1/14/2021
531,americanexpress,375262470688485,2,8/5/2020
532,visa,4017955562780,2,12/22/2020
533,mastercard,5533817552369672,1,4/2/2021
534,visa,4041599909165,1,11/9/2020
535,visa,4490541901236,1,1/3/2021
536,visa,4041375315825710,1,8/7/2020
537,visa,4958853965033372,3,4/29/2021
538,visa,4041595761206,3,1/14/2021
539,visa,4041599798482216,2,6/20/2020
540,americanexpress,337941038112362,1,8/5/2020
541,americanexpress,374460675204154,2,6/28/2020
542,mastercard,5487017492344721,2,5/2/2021
543,mastercard,5108759665011822,1,1/14/2021
544,mastercard,5239081851423824,1,11/19/2020
545,americanexpress,374283234253656,1,11/22/2020
546,americanexpress,374283137102802,1,5/29/2020
547,visa,4209129394738627,3,10/27/2020
548,visa,4041379811855551,3,12/5/2020
549,mastercard,5010123704258075,1,3/7/2021
550,americanexpress,374622437268930,2,12/29/2020
551,visa,4041376757555,1,8/31/2020
552,visa,4041593161404816,1,5/1/2021
553,mastercard,5352319665537350,2,12/20/2020
554,mastercard,5108752866223452,3,8/13/2020
555,mastercard,5100130645464119,1,4/19/2021
556,americanexpress,374622880333330,2,1/9/2021
557,americanexpress,373565936145888,2,11/7/2020
558,americanexpress,374283614218790,1,9/24/2020
559,mastercard,5174840862982921,1,11/3/2020
560,visa,4041596999630858,3,4/1/2021
561,americanexpress,374288885496074,2,12/1/2020
562,americanexpress,337941760682186,1,1/10/2021
563,mastercard,5100133885863081,2,9/28/2020
564,mastercard,5175138609236951,3,9/3/2020
565,visa,4017951081413,3,10/8/2020
566,americanexpress,371214008077941,1,12/23/2020
567,visa,4017959963331,1,5/4/2021
568,americanexpress,340272368079913,1,6/6/2020
569,mastercard,5190213116451293,2,7/7/2020
570,mastercard,5048375710220293,2,10/13/2020
571,americanexpress,378818590885835,3,11/23/2020
572,visa,4041375442613,1,4/28/2021
573,americanexpress,337941136157707,1,1/28/2021
574,visa,4041598088458787,2,8/6/2020
575,americanexpress,374622061376413,2,6/4/2020
576,visa,4715839395679,3,9/19/2020
577,mastercard,5108759531001544,3,2/19/2021
578,visa,4017951250390793,3,11/19/2020
579,visa,4586828752893,3,10/30/2020
580,mastercard,5156238836872231,2,8/6/2020
581,americanexpress,374622735789397,2,5/12/2021
582,americanexpress,372301449154295,3,2/28/2021
583,americanexpress,374288308616142,2,12/7/2020
584,mastercard,5048378853531906,3,6/20/2020
585,americanexpress,373346710807807,2,6/22/2020
586,visa,4057901297949581,3,3/20/2021
587,mastercard,5100132925064759,2,8/22/2020
588,americanexpress,337941410176738,3,12/8/2020
589,mastercard,5010120784186838,1,7/4/2020
590,visa,4041372255933604,1,12/2/2020
591,americanexpress,337941333997202,1,11/26/2020
592,americanexpress,374288947133251,2,6/3/2020
593,americanexpress,343048140155917,3,12/18/2020
594,visa,4041379382930,1,3/13/2021
595,visa,4041590380986,2,9/16/2020
596,americanexpress,374283026961490,1,7/2/2020
597,americanexpress,374622432754231,2,12/3/2020
598,americanexpress,376333535097191,1,7/17/2020
599,visa,4055890148299,2,12/16/2020
600,visa,4017952588465,1,11/17/2020
601,americanexpress,372301854540905,2,7/7/2020
602,mastercard,5226663446013627,2,4/18/2021
603,visa,4223423891013,3,2/24/2021
604,americanexpress,337941056562142,2,11/17/2020
605,mastercard,5485624538480773,1,1/3/2021
606,mastercard,5010126602641896,1,12/28/2020
607,americanexpress,374283205735137,2,11/19/2020
608,mastercard,5007669453509089,1,2/8/2021
609,mastercard,5108753934047139,1,12/31/2020
610,visa,4041372417832,3,5/17/2021
611,americanexpress,372301414768335,3,2/3/2021
612,visa,4041376368986029,1,10/13/2020
613,mastercard,5261420680581256,2,3/22/2021
614,mastercard,5414548886034005,1,3/13/2021
615,americanexpress,342264351535579,3,2/6/2021
616,mastercard,5130694927363814,3,6/7/2020
617,mastercard,5002355758336742,2,5/10/2021
618,visa,4017950518944,1,1/9/2021
619,visa,4041379273170,1,10/5/2020
620,mastercard,5108752224469607,3,1/28/2021
621,mastercard,5007662405983346,3,4/18/2021
622,americanexpress,371503529685699,1,5/10/2021
623,mastercard,5330753352376077,2,10/12/2020
624,mastercard,5100170320162059,2,6/15/2020
625,americanexpress,374283187206149,1,2/18/2021
626,visa,4017958889321,2,8/27/2020
627,visa,4041598870466808,1,4/11/2021
628,mastercard,5349437361341798,1,7/23/2020
629,americanexpress,374283689222735,1,7/20/2020
630,mastercard,5539526327937457,2,2/5/2021
631,visa,4017956440896369,2,4/22/2021
632,americanexpress,374622600952609,1,12/8/2020
633,mastercard,5530745915623654,1,9/20/2020
634,visa,4017957785488,2,7/26/2020
635,mastercard,5007664199754545,2,11/25/2020
636,visa,4041372442236,2,12/19/2020
637,visa,4936587705071,3,2/11/2021
638,americanexpress,374283743179657,2,1/30/2021
639,mastercard,5108754999022991,3,3/25/2021
640,visa,4469599459040,1,5/10/2021
641,visa,4017955361978750,3,10/26/2020
642,mastercard,5223085844734955,1,8/23/2020
643,visa,4041590597323578,3,6/7/2020
644,visa,4675289501291012,1,4/22/2021
645,americanexpress,337941987956330,3,6/28/2020
646,mastercard,5100149871890037,3,6/24/2020
647,americanexpress,374288630088291,1,11/8/2020
648,mastercard,5481432050932104,1,12/28/2020
649,visa,4041593115290667,2,9/23/2020
650,americanexpress,373752473218654,1,11/17/2020
651,americanexpress,374622032239120,3,6/7/2020
652,visa,4017955898672223,2,5/21/2021
653,mastercard,5100172193767824,1,3/3/2021
654,americanexpress,370026184152657,3,7/18/2020
655,americanexpress,379778237800044,2,5/17/2021
656,visa,4041599705191,2,8/12/2020
657,americanexpress,374622699247085,2,5/27/2021
658,visa,4041599780616,1,5/16/2021
659,americanexpress,337941681416110,3,1/27/2021
660,americanexpress,374288645976589,1,9/30/2020
661,visa,4041591015375,3,3/30/2021
662,americanexpress,374283005220330,3,10/22/2020
663,americanexpress,374152177123343,1,11/18/2020
664,mastercard,5594961396636858,1,4/8/2021
665,americanexpress,377632914464321,3,4/13/2021
666,visa,4041373578863965,2,1/25/2021
667,visa,4041372309555601,1,9/17/2020
668,visa,4041597873237216,1,11/20/2020
669,visa,4646229556846,2,8/18/2020
670,visa,4017956935322558,3,6/3/2020
671,visa,4041377908710,2,3/26/2021
672,mastercard,5100142303682692,2,2/26/2021
673,mastercard,5010121776582075,3,12/8/2020
674,americanexpress,372301628704514,3,8/4/2020
675,visa,4041379866365035,2,12/6/2020
676,americanexpress,372301178994713,3,7/25/2020
677,visa,4041594991689,3,11/3/2020
678,mastercard,5277533916351732,3,1/20/2021
679,visa,4041374173102,1,7/14/2020
680,americanexpress,374622865158520,3,7/23/2020
681,americanexpress,374288966248824,2,10/27/2020
682,visa,4804229671781677,1,10/28/2020
683,americanexpress,374622341319027,3,1/24/2021
684,mastercard,5581582970546977,1,3/29/2021
685,americanexpress,374283913079448,3,4/10/2021
686,visa,4041370504506627,3,12/19/2020
687,mastercard,5100145716251492,1,4/5/2021
688,mastercard,5048378590505254,2,3/14/2021
689,americanexpress,372301097888970,2,1/13/2021
690,americanexpress,348885128578247,2,10/30/2020
691,mastercard,5100142322402403,2,2/2/2021
692,visa,4041371609504,1,7/8/2020
693,visa,4041593616576,1,10/30/2020
694,mastercard,5048370060753738,1,7/14/2020
695,mastercard,5253552930706752,1,12/1/2020
696,mastercard,5100178822941318,1,6/27/2020
697,visa,4041593474750764,2,3/15/2021
698,mastercard,5007665672165711,1,3/5/2021
699,mastercard,5048376502445015,3,11/1/2020
700,visa,4041377592522,1,3/17/2021
701,mastercard,5321441596342086,3,5/1/2021
702,americanexpress,337941722649232,3,1/1/2021
703,visa,4017953846083817,2,10/28/2020
704,mastercard,5002354153903891,1,8/8/2020
705,visa,4041372162065,3,2/4/2021
706,visa,4041379483779,3,5/25/2021
707,americanexpress,372301442532711,3,11/18/2020
708,visa,4041371655598,1,4/4/2021
709,mastercard,5220848640083940,2,3/30/2021
710,mastercard,5309898760481501,3,6/23/2020
711,visa,4041593592758616,2,1/13/2021
712,visa,4041592236624,3,8/15/2020
713,visa,4041595638834,2,11/18/2020
714,visa,4041378706122069,3,2/26/2021
715,mastercard,5002351496240064,2,3/7/2021
716,visa,4041370544387525,2,11/25/2020
717,americanexpress,374622077604733,2,12/27/2020
718,americanexpress,347706632267633,1,4/9/2021
719,americanexpress,337941634275969,3,7/17/2020
720,americanexpress,372301596961005,3,4/18/2021
721,visa,4041590175386,1,3/17/2021
722,visa,4041596887091460,3,10/4/2020
723,visa,4017952301356,3,5/21/2021
724,mastercard,5479194256577695,2,8/31/2020
725,visa,4017956155667,1,3/7/2021
726,mastercard,5307456251006469,2,11/21/2020
727,americanexpress,371316287603436,2,11/17/2020
728,mastercard,5002350953379951,3,6/12/2020
729,mastercard,5002354162747529,2,11/19/2020
730,americanexpress,337941696346252,3,2/12/2021
731,mastercard,5410936011472584,2,6/4/2020
732,mastercard,5100130859320197,1,7/6/2020
733,mastercard,5132333513971940,2,5/19/2021
734,americanexpress,374283185909876,3,10/7/2020
735,visa,4017958519123741,3,5/4/2021
736,americanexpress,348835368989679,1,8/23/2020
737,visa,4041375312254005,3,1/1/2021
738,mastercard,5300586522969215,2,1/13/2021
739,mastercard,5100178896587294,3,1/15/2021
740,mastercard,5010129460901030,3,7/15/2020
741,americanexpress,337941347587189,1,7/5/2020
742,visa,4017954566303,2,8/17/2020
743,visa,4041594305658,3,11/14/2020
744,mastercard,5010120901944804,1,6/22/2020
745,americanexpress,374283063038061,2,4/16/2021
746,visa,4017954717344,2,8/18/2020
747,mastercard,5010123766759564,1,10/19/2020
748,visa,4017952023604,1,10/28/2020
749,americanexpress,337941533927751,2,5/13/2021
750,americanexpress,374283136222544,1,4/14/2021
751,mastercard,5048378428776218,1,1/17/2021
752,visa,4017955286570005,3,7/13/2020
753,mastercard,5225872967820796,3,7/15/2020
754,visa,4054925611521936,3,5/11/2021
755,americanexpress,374622879003050,3,3/8/2021
756,visa,4017959773681440,1,5/4/2021
757,visa,4017954999516371,1,11/24/2020
758,americanexpress,374288311432255,3,11/6/2020
759,americanexpress,337941465835139,3,4/30/2021
760,mastercard,5432508423920528,1,11/4/2020
761,visa,4017953657434,3,7/5/2020
762,mastercard,5259828356070483,3,5/16/2021
763,americanexpress,374622496631325,2,3/14/2021
764,mastercard,5048372279228403,2,8/2/2020
765,americanexpress,374622248043183,1,8/17/2020
766,visa,4041379826407,1,11/1/2020
767,visa,4041599564119299,3,3/29/2021
768,visa,4017953892106,2,3/2/2021
769,americanexpress,349632246739114,2,11/9/2020
770,mastercard,5171142054210739,1,5/25/2021
771,visa,4041377159192827,1,8/29/2020
772,visa,4359015857478835,1,2/6/2021
773,visa,4017951345528605,2,7/9/2020
774,americanexpress,345927073041509,1,11/18/2020
775,mastercard,5100137056260985,1,3/13/2021
776,mastercard,5252746303876405,3,12/18/2020
777,americanexpress,337941658014880,2,6/25/2020
778,visa,4017954501929401,2,6/9/2020
779,americanexpress,374283489101410,2,11/1/2020
780,visa,4816377964172702,3,4/23/2021
781,visa,4017955244459366,2,9/21/2020
782,visa,4041597806108,2,5/5/2021
783,visa,4041378735078902,1,5/23/2021
784,mastercard,5100130098425591,3,2/10/2021
785,visa,4041591859152,3,4/7/2021
786,visa,4041371248170,3,8/30/2020
787,americanexpress,374288440003449,3,1/10/2021
788,americanexpress,371363333641358,1,3/25/2021
789,americanexpress,374288139992654,2,2/25/2021
790,mastercard,5100137061970677,3,7/23/2020
791,americanexpress,337941876617266,2,11/2/2020
792,americanexpress,347693510551884,3,12/30/2020
793,visa,4041594275907231,2,4/30/2021
794,mastercard,5100177195066323,2,3/19/2021
795,visa,4835829731498817,2,4/27/2021
796,americanexpress,372301122049960,3,5/12/2021
797,americanexpress,372301879859785,3,2/3/2021
798,visa,4218834574142503,3,7/4/2020
799,visa,4630514581816527,2,12/24/2020
800,americanexpress,372301111487411,2,8/5/2020
801,visa,4041590159049876,2,5/8/2021
802,mastercard,5400211964220840,2,4/1/2021
803,visa,4166875319241,2,4/20/2021
804,americanexpress,373000153227060,2,3/11/2021
805,americanexpress,374288598231792,2,10/20/2020
806,mastercard,5108757254529022,2,6/16/2020
807,americanexpress,372301641787421,1,3/12/2021
808,mastercard,5215800414164536,3,9/4/2020
809,mastercard,5010129150423584,1,12/3/2020
810,visa,4017951182806684,2,9/25/2020
811,americanexpress,337941164004623,1,4/8/2021
812,americanexpress,372301527280806,3,6/20/2020
813,mastercard,5100138598227961,2,9/5/2020
814,americanexpress,374622315475243,1,11/24/2020
815,visa,4017955327850432,3,8/8/2020
816,mastercard,5002355934529194,2,3/1/2021
817,americanexpress,376382005411481,1,8/7/2020
818,visa,4129525363761,2,7/19/2020
819,visa,4017951101245,1,10/2/2020
820,visa,4041379233692111,3,6/3/2020
821,mastercard,5108756066713816,2,6/13/2020
822,mastercard,5283856464872565,2,12/23/2020
823,americanexpress,337941440234382,1,12/4/2020
824,visa,4041371404054,2,1/17/2021
825,mastercard,5100135959727720,3,9/29/2020
826,americanexpress,374283810619379,2,12/20/2020
827,mastercard,5108756825908384,2,7/11/2020
828,visa,4114992097530,1,11/29/2020
829,americanexpress,374288762051414,3,3/5/2021
830,americanexpress,374288860598902,3,8/9/2020
831,mastercard,5460570097320372,1,7/18/2020
832,visa,4313827648307,1,12/21/2020
833,visa,4041374182544827,2,5/17/2021
834,visa,4017958589886805,1,4/9/2021
835,visa,4323779238230263,1,4/15/2021
836,americanexpress,347816249661191,1,10/6/2020
837,mastercard,5048375104618532,2,6/27/2020
838,americanexpress,337941566896279,2,3/25/2021
839,visa,4017954216180,2,6/14/2020
840,visa,4041376796467659,2,9/20/2020
841,americanexpress,372301332861105,3,10/6/2020
842,americanexpress,337941676965261,2,6/1/2020
843,americanexpress,372301327801025,3,11/1/2020
844,mastercard,5048373142019300,1,9/13/2020
845,visa,4041595644428,1,10/8/2020
846,visa,4017955576616,1,10/9/2020
847,americanexpress,337941934619841,3,2/23/2021
848,mastercard,5100179724359831,2,11/18/2020
849,visa,4041590370343231,2,1/10/2021
850,mastercard,5100136751002262,1,12/25/2020
851,visa,4041593210529,2,2/25/2021
852,mastercard,5048373989036540,2,2/21/2021
853,americanexpress,374622664857447,2,4/8/2021
854,mastercard,5138538960052978,2,2/10/2021
855,americanexpress,343012043207183,2,6/30/2020
856,visa,4017953663788,3,10/26/2020
857,visa,4017958483087021,2,1/18/2021
858,visa,4041375966799362,2,7/1/2020
859,mastercard,5100147854845853,3,1/11/2021
860,americanexpress,374283663994747,3,11/8/2020
861,americanexpress,374622515406709,2,4/18/2021
862,visa,4017955985247,2,4/24/2021
863,mastercard,5007660375600494,3,2/11/2021
864,visa,4840592626878,1,12/5/2020
865,visa,4017959177924,3,7/28/2020
866,visa,4041377979679,2,5/6/2021
867,visa,4152780619768,3,1/28/2021
868,americanexpress,374283903898237,2,12/24/2020
869,mastercard,5339906685602517,2,4/24/2021
870,mastercard,5100139328594910,1,8/21/2020
871,visa,4041376426623,3,8/31/2020
872,americanexpress,345867525649865,3,4/28/2021
873,mastercard,5010121444660808,2,1/21/2021
874,americanexpress,337941269166525,1,10/9/2020
875,americanexpress,374288060901336,3,7/18/2020
876,americanexpress,347794977537513,1,10/18/2020
877,visa,4017950122600231,3,3/4/2021
878,mastercard,5100173792224167,3,4/28/2021
879,americanexpress,341648886368905,2,10/13/2020
880,mastercard,5218625517223989,1,12/16/2020
881,mastercard,5212825384138544,1,5/15/2021
882,visa,4017954050291732,1,4/2/2021
883,americanexpress,371193935272652,2,12/31/2020
884,visa,4017954536506802,2,10/25/2020
885,mastercard,5100132671426210,1,10/4/2020
886,americanexpress,374283864486121,2,10/16/2020
887,visa,4041591354451,1,5/30/2020
888,americanexpress,374283072886567,2,11/12/2020
889,visa,4017954858988323,1,5/24/2021
890,americanexpress,372710459549568,1,9/29/2020
891,americanexpress,374288095375092,1,9/14/2020
892,mastercard,5481577549293805,2,3/8/2021
893,americanexpress,374288398580315,1,3/6/2021
894,visa,4041596517864880,1,5/12/2021
895,visa,4041374772399566,2,2/3/2021
896,americanexpress,372301989959400,2,7/12/2020
897,mastercard,5010126315220103,2,10/15/2020
898,americanexpress,372301488902752,3,5/3/2021
899,americanexpress,372301911428409,3,12/15/2020
900,visa,4041374753820,3,3/17/2021
901,americanexpress,374622937786969,2,2/18/2021
902,americanexpress,372301379696125,2,9/13/2020
903,mastercard,5411849178919546,2,10/1/2020
904,mastercard,5002355298862033,3,1/3/2021
905,mastercard,5520515472537841,2,8/25/2020
906,visa,4041597972913428,1,6/23/2020
907,americanexpress,337941396770736,2,12/3/2020
908,americanexpress,337941668815367,2,3/25/2021
909,mastercard,5409751664525320,1,8/10/2020
910,mastercard,5470024002657971,1,9/5/2020
911,mastercard,5386315120919696,3,11/22/2020
912,visa,4017957266127897,2,4/12/2021
913,mastercard,5100140411339189,1,5/8/2021
914,mastercard,5002353368381547,1,10/10/2020
915,americanexpress,374288689034717,2,7/19/2020
916,americanexpress,374288171942005,1,8/6/2020
917,mastercard,5100138556000665,3,6/21/2020
918,americanexpress,342589300300901,2,4/29/2021
919,visa,4017957789692849,1,1/15/2021
920,americanexpress,337941129991625,1,12/22/2020
921,mastercard,5108753429625399,2,9/2/2020
922,mastercard,5134523180880386,2,8/4/2020
923,americanexpress,337941723792767,2,8/13/2020
924,visa,4017959737792,1,3/7/2021
925,visa,4017959306587106,3,7/13/2020
926,visa,4041595871336,1,12/3/2020
927,americanexpress,346981605583750,1,4/15/2021
928,visa,4041371635244,2,11/2/2020
929,mastercard,5100131570875972,1,7/15/2020
930,visa,4996408871700,1,3/15/2021
931,americanexpress,374283617812466,1,6/11/2020
932,visa,4041374825612973,2,6/4/2020
933,mastercard,5007660285449990,1,3/30/2021
934,mastercard,5048379460320998,1,7/11/2020
935,mastercard,5100143827590791,3,9/28/2020
936,mastercard,5404634148713651,3,4/7/2021
937,visa,4551939895030199,3,11/7/2020
938,mastercard,5108752651118214,3,8/5/2020
939,visa,4041595928908948,2,4/11/2021
940,visa,4041370407090,1,11/15/2020
941,visa,4041590116567408,1,3/1/2021
942,visa,4956261944903164,1,6/2/2020
943,mastercard,5100148757208389,3,7/12/2020
944,visa,4041376696183,1,9/10/2020
945,americanexpress,374283470667254,2,12/21/2020
946,americanexpress,374288041389007,1,8/15/2020
947,visa,4017951020148,1,4/22/2021
948,americanexpress,337941818228297,1,8/11/2020
949,visa,4017956418806838,3,2/18/2021
950,mastercard,5126356557375700,2,8/15/2020
951,americanexpress,374288551175705,3,2/1/2021
952,americanexpress,372301715735546,3,12/20/2020
953,visa,4017952628958337,3,6/15/2020
954,visa,4017953570776867,1,6/19/2020
955,mastercard,5100173761311979,2,1/20/2021
956,mastercard,5474673663897064,3,7/16/2020
957,visa,4017957805869488,1,10/3/2020
958,visa,4404992267591,3,7/16/2020
959,visa,4017956391452,1,12/6/2020
960,visa,4041371295373607,3,3/11/2021
961,americanexpress,372301529966618,1,12/17/2020
962,mastercard,5010127907156408,1,2/28/2021
963,americanexpress,337941742047201,2,6/16/2020
964,visa,4017959224571646,2,5/29/2020
965,mastercard,5007662102917035,2,5/8/2021
966,americanexpress,372608128088358,2,3/13/2021
967,visa,4948891892917,3,12/9/2020
968,visa,4017955550181,2,9/11/2020
969,mastercard,5364087953223357,3,1/22/2021
970,visa,4411835875687208,1,11/21/2020
971,visa,4757713570527825,2,3/20/2021
972,americanexpress,374622721736550,2,1/22/2021
973,visa,4125390010347,1,5/22/2021
974,americanexpress,377571398161674,2,6/12/2020
975,americanexpress,372301942189079,2,12/25/2020
976,mastercard,5010122582586706,2,8/13/2020
977,mastercard,5010121258452599,1,2/6/2021
978,visa,4041597663624,2,10/30/2020
979,visa,4041377591934869,2,2/11/2021
980,americanexpress,374288014435969,3,3/25/2021
981,americanexpress,378663807695639,1,8/12/2020
982,mastercard,5322996132646596,1,3/19/2021
983,americanexpress,374283391831096,2,7/28/2020
984,americanexpress,374288594172891,3,3/11/2021
985,visa,4854073951317,2,5/27/2021
986,visa,4041374110740,1,6/1/2020
987,mastercard,5048378848001429,1,4/29/2021
988,americanexpress,343961532194403,2,3/24/2021
989,visa,4250863268427689,3,9/13/2020
990,mastercard,5395310609341164,2,10/4/2020
991,mastercard,5007665786460164,3,2/17/2021
992,mastercard,5108754818954630,2,3/13/2021
993,americanexpress,374283733234264,2,10/15/2020
994,mastercard,5007665505386757,3,12/14/2020
995,americanexpress,374283386583330,3,5/18/2021
996,visa,4532603788728,2,3/19/2021
997,visa,4041599787200884,3,1/9/2021
998,americanexpress,337941396743600,2,4/28/2021
999,americanexpress,372301863936433,2,1/26/2021
1000,americanexpress,372301559639259,3,4/28/2021
